{
    "sceneObjects": [],
    "customCommands": [
        [
            [
                20,
                "",
                "// 当前的事件触发器：trigger: CommandTrigger;\ngenerateExam();  ",
                "generateExam();\n",
                {
                    "___cmdID": "66022765422_0.6418072565282207"
                }
            ],
            [
                40010,
                {
                    "49809728719_0.046619702255007": 0,
                    "24538808102_0.9970934946254328": 1,
                    "49612012650_0.7509974095572418": 1,
                    "24538808435_0.6230939565765392": 14,
                    "49518385245_0.9308839798952664": 1,
                    "50689082740_0.526404642451832": true,
                    "49141521249_0.2965750598394892": 0,
                    "49519573910_0.08853124862540018": 1,
                    "49141521416_0.0884961804795068": 0,
                    "49519590084_0.3058131165318816": 1,
                    "49150249927_0.6881795527970145": 100,
                    "49519636189_0.2521948025226537": 1,
                    "49232462793_0.7622411974016037": 1,
                    "49520636693_0.8404154506260593": 1,
                    "49232464582_0.12430969584603324": 1,
                    "49520744730_0.6026838995761481": 1,
                    "49232999716_0.2133484967243402": 0,
                    "49520812848_0.5734967173507821": 1,
                    "49234813142_0.3142568229981375": 1,
                    "49520873912_0.5927053372462527": 1,
                    "49599648354_0.3738368266485066": false,
                    "49518248081_0.4367396293869368": true,
                    "49599660535_0.0823572381286597": 1,
                    "49518318443_0.5988810162565685": false,
                    "49519399740_0.07229930251623617": false,
                    "49519436070_0.9418611019894294": false,
                    "49519475735_0.9428268094401824": false,
                    "49519529748_0.519982170810438": false,
                    "49520771123_0.27311479097864666": false,
                    "49611947752_0.41521729946538755": false
                },
                "66024191192_0.6210202314249618"
            ],
            [
                11,
                1,
                null,
                "",
                3,
                -3,
                "<span style='color:#FfFffF'>Some content</span>",
                null,
                1,
                0,
                {
                    "___cmdID": "66022948353_0.7749033389291891"
                }
            ],
            [
                3,
                0,
                -1,
                -1,
                {
                    "___cmdID": "65875301563_0.1474912377919262"
                }
            ],
            [
                4,
                "暑期集训篇-1",
                -1,
                -1,
                0,
                0,
                [],
                {
                    "___cmdID": "65875341816_0.919976654860597"
                }
            ],
            [
                40017,
                {
                    "50715038747_0.21761311072349354": 2
                },
                "65875358799_0.7565990092746073"
            ],
            [
                4,
                "冲突",
                -1,
                -1,
                0,
                0,
                [],
                {
                    "___cmdID": "65875341816_0.769279752204534"
                }
            ],
            [
                40017,
                {
                    "50715038747_0.21761311072349354": 9
                },
                "65875373676_0.02584468823605568"
            ],
            [
                4,
                "地外生命和宇宙人",
                -1,
                -1,
                0,
                0,
                [],
                {
                    "___cmdID": "65933166650_0.0885534825391785"
                }
            ],
            [
                40017,
                {
                    "50715038747_0.21761311072349354": 4
                },
                "65933174377_0.9613005644305446"
            ],
            [
                4,
                "自由意志",
                -1,
                -1,
                0,
                0,
                [],
                {
                    "___cmdID": "65938017531_0.5445861018297307"
                }
            ],
            [
                40017,
                {
                    "50715038747_0.21761311072349354": 5
                },
                "65938022514_0.5614655047646413"
            ],
            [
                4,
                "网络流的疑问",
                -1,
                -1,
                0,
                0,
                [],
                {
                    "___cmdID": "66005745866_0.7231308020760656"
                }
            ],
            [
                40017,
                {
                    "50715038747_0.21761311072349354": 6
                },
                "66005752917_0.41648809913292273"
            ],
            [
                10,
                {
                    "___cmdID": "65875341816_0.6629484831393162"
                }
            ]
        ]
    ],
    "customAttributes": [],
    "customAttributesCaches": [],
    "events": [],
    "statusPages": [],
    "statusPagesSelectedIndexs": [],
    "id": 10
}