{
    "sceneObjects": [],
    "customCommands": [
        [
            [
                11,
                3,
                null,
                "",
                3,
                -3,
                "<span style='color:#FfFffF'>夏日自习课的间隙。\n</span><span style='color:#FfFffF'>我们爬到了学校的顶楼。</span>",
                null,
                1,
                0,
                {
                    "___cmdID": "65932045846_0.6404366187336006"
                }
            ],
            [
                11,
                3,
                null,
                "",
                3,
                -3,
                "<span style='color:#FfFffF'>整个学校里这个时候只有我们实验班\n</span><span style='color:#FfFffF'>和准高一参加奥运汇演排练的新生。\n</span><span style='color:#FfFffF'>我们打开一间间平时不会去访问的教室。\n</span><span style='color:#FfFffF'>直到累了之后，伏在顶楼的栏杆上。</span>",
                null,
                1,
                0,
                {
                    "___cmdID": "65932087537_0.16131893105090644"
                }
            ],
            [
                40014,
                {
                    "49825113823_0.7745949272019663": 0,
                    "49897660694_0.39897478951731946": false,
                    "49897660694_0.6399331644068169": 1,
                    "49897660694_0.0946225960666689": 1,
                    "49897706791_0.8101580703633997": false,
                    "49897693777_0.31957312098050794": 1,
                    "49897693777_0.39600212789547196": 1,
                    "49904671869_0.1506235712026469": [
                        {
                            "materials": [
                                {
                                    "id": 10,
                                    "mask": "",
                                    "useTrans": true,
                                    "time": 0,
                                    "trans": "{\"transType\":0,\"loopType\":3,\"timeType\":1,\"timeUnit\":1,\"totalTime\":120,\"tweenType\":0,\"tweenTypeName\":\"linearNone\",\"curveData\":[[0,0,0,99,1,1,1,3],[0,100,100]],\"refreshInterval\":16}",
                                    "vagueness": 0.25,
                                    "invertMask": 0,
                                    "____timeInfo": {
                                        "trans": 120
                                    }
                                }
                            ]
                        }
                    ]
                },
                "65933061105_0.21341596389688777"
            ],
            [
                40001,
                {
                    "24538808102_0.9970934946254328": 1,
                    "49612012650_0.7509974095572418": 1,
                    "24538808435_0.6230939565765392": "asset/image/picture/background/90124500_p0.jpg",
                    "49518385245_0.9308839798952664": 1,
                    "49141521249_0.2965750598394892": -10,
                    "49519573910_0.08853124862540018": 1,
                    "49141521416_0.0884961804795068": -70,
                    "49519590084_0.3058131165318816": 1,
                    "49150249927_0.6881795527970145": 100,
                    "49519636189_0.2521948025226537": 1,
                    "49232462793_0.7622411974016037": 1233,
                    "49520636693_0.8404154506260593": 1,
                    "49232464582_0.12430969584603324": 852,
                    "49520744730_0.6026838995761481": 1,
                    "49232999716_0.2133484967243402": 0,
                    "49520812848_0.5734967173507821": 1,
                    "49234813142_0.3142568229981375": 1,
                    "49520873912_0.5927053372462527": 1,
                    "49249262086_0.4763525036126073": false,
                    "49233147770_0.6353950190434796": 0,
                    "49234859651_0.6035613922030387": 0,
                    "49599648354_0.3738368266485066": false,
                    "49518248081_0.4367396293869368": false,
                    "49599660535_0.0823572381286597": "",
                    "49518318443_0.5988810162565685": false,
                    "49519399740_0.07229930251623617": false,
                    "49519436070_0.9418611019894294": false,
                    "49519475735_0.9428268094401824": false,
                    "49519529748_0.519982170810438": false,
                    "49520771123_0.27311479097864666": false,
                    "49611947752_0.41521729946538755": false
                },