{
    "sceneObjects": [],
    "customCommands": [
        [
            [
                63,
                "asset/audio/bgm/Moonwisher.mp3",
                1,
                1,
                0,
                {
                    "___cmdID": "65957322584_0.63036783523633"
                }
            ],
            [
                40001,
                {
                    "24538808102_0.9970934946254328": 1,
                    "49612012650_0.7509974095572418": 1,
                    "24538808435_0.6230939565765392": "asset/image/picture/background/90124500_p0.jpg",
                    "49518385245_0.9308839798952664": 1,
                    "49141521249_0.2965750598394892": -10,
                    "49519573910_0.08853124862540018": 1,
                    "49141521416_0.0884961804795068": -70,
                    "49519590084_0.3058131165318816": 1,
                    "49150249927_0.6881795527970145": 100,
                    "49519636189_0.2521948025226537": 1,
                    "49232462793_0.7622411974016037": 1233,
                    "49520636693_0.8404154506260593": 1,
                    "49232464582_0.12430969584603324": 852,
                    "49520744730_0.6026838995761481": 1,
                    "49232999716_0.2133484967243402": 0,
                    "49520812848_0.5734967173507821": 1,
                    "49234813142_0.3142568229981375": 1,
                    "49520873912_0.5927053372462527": 1,
                    "49249262086_0.4763525036126073": false,
                    "49233147770_0.6353950190434796": 0,
                    "49234859651_0.6035613922030387": 0,
                    "49599648354_0.3738368266485066": false,
                    "49518248081_0.4367396293869368": false,
                    "49599660535_0.0823572381286597": "",
                    "49518318443_0.5988810162565685": false,
                    "49519399740_0.07229930251623617": false,
                    "49519436070_0.9418611019894294": false,
                    "49519475735_0.9428268094401824": false,
                    "49519529748_0.519982170810438": false,
                    "49520771123_0.27311479097864666": false,
                    "49611947752_0.41521729946538755": false
                },
                "65937954956_0.5050577476921179"
            ],
            [
                11,
                3,
                4,
                "MoonMayCry",
                3,
                -3,
                "<span style='color:#FfFffF'>话说，你们信息组现在学到哪里了呢？</span>",
                null,
                2,
                0,
                {
                    "___cmdID": "65937481589_0.9007507929253544"
                }
            ],
            [
                11,
                3,
                2,
                "Kotori",
                3,
                -3,
                "<span style='color:#FfFffF'>啊，我们都是靠自学来着，现在我才刚刚看到排序和背包而已。</span>",
                null,
                14,
                0,
                {
                    "___cmdID": "65937499483_0.039903066538534704"
                }
            ],
            [
                11,
                3,
                4,
                "MoonMayCry",
                3,
                -3,
                "<span style='color:#FfFffF'>这样啊...</span>",
                null,
                2,
                0,
                {
                    "___cmdID": "65937520688_0.6701679638232738"
                }
            ],
            [
                11,
                3,
                2,
                "Kotori",
                3,
                -3,
                "<span style='color:#FfFffF'>你们呢？</span>",
                null,
                14,
                0,
                {
                    "___cmdID": "65937542611_0.31284711427224643"
                }
            ],
            [
                11,
                3,
                4,
                "MoonMayCry",
                3,
                -3,
                "<span style='color:#FfFffF'>目前刚刚上完电磁学里的麦克斯韦方程组。</span>",
                null,
                2,
                0,
                {
                    "___cmdID": "65937572399_0.7127850361949533"
                }
            ],
            [
                11,
                3,
                2,
                "Kotori",
                3,
                -3,
                "<span style='color:#FfFffF'>听起来好高深的样子。\n</span><span style='color:#FfFffF'>不知道之后会不会讲到相对论...</span>",
                null,
                14,
                0,
                {
                    "___cmdID": "65937594104_0.33094953570362073"
                }
            ],
            [
                11,
                3,
                4,
                "MoonMayCry",
                3,
                -3,
                "<span style='color:#FfFffF'>只会讲到狭义相对论啦，毕竟广义相对论，\n</span><span style='color:#FfFffF'>对我们高中生来说，理解起来太抽象了不是吗？</span>",
                null,
                2,
                0,
                {
                    "___cmdID": "65937622491_0.8331512192328911"
                }
            ],
            [
                11,
                3,
                2,
                "Kotori",
                3,
                -3,
                "<span style='color:#FfFffF'>啊，没想到连你也会有觉得太抽象的时候。。。</span>",
                null,
                14,
                0,
                {
                    "___cmdID": "65937649813_0.41117733878405516"
                }
            ],
            [
                11,
                3,
                null,
                "",
                3,
                -3,
                "<span style='color:#FfFffF'>...</span>",
                null,
                1,
                0,
                {
                    "___cmdID": "65937671657_0.387704448884973"
                }
            ],
            [
                11,
                3,
                2,
                "Kotori",
                3,
                -3,
                "<span style='color:#FfFffF'>呐...你认为，自主意识是存在的吗？</span>",
                null,
                14,
                0,
                {
                    "___cmdID": "65937681665_0.5802433099436912"
                }
            ],
            [
                11,
                3,
                4,
                "MoonMayCry",
                3,
                -3,
                "<span style='color:#FfFffF'>（叹气，摊手）\n</span><span style='color:#FfFffF'>你知道决定我们思维的物质，\n</span><span style='color:#FfFffF'>就是大脑中一系列电信号对吧？</span>",
                null,
                2,
                0,
                {
                    "___cmdID": "65937713285_0.19214871186846394"
                }
            ],
            [
                11,
                3,
                2,
                "Kotori",
                3,
                -3,
                "<span style='color:#FfFffF'>嗯。。。</span>",
                null,
                14,
                0,
                {
                    "___cmdID": "65937734058_0.07786162175726963"
                }
            ],
            [
                11,
                3,
                4,
                "MoonMayCry",
                3,
                -3,
                "<span style='color:#FfFffF'>那么既然如此，电信号也是一定符合麦克斯韦方程组的。\n</span><span style='color:#FfFffF'>换句话说，我们的身体是物质的一部分，\n</span><span style='color:#FfFffF'>一切思考活动只是电磁信号的转移而已，从一开始就决定好了的。</span>",
                null,
                2,
                0,
                {
                    "___cmdID": "65937756515_0.850024585372553"
                }
            ],
            [
                11,
                3,
                2,
                "Kotori",
                3,
                -3,
                "<span style='color:#FfFffF'>所以你的意思是？自由意志实际上不存在？</span>",
                null,
                14,
                0,
                {
