{
    "sceneObjects": [],
    "customCommands": [
        [
            [
                40001,
                {
                    "24538808102_0.9970934946254328": 1,
                    "49612012650_0.7509974095572418": 1,
                    "24538808435_0.6230939565765392": "asset/image/picture/background/school/bg_017.png",
                    "49518385245_0.9308839798952664": 1,
                    "49141521249_0.2965750598394892": 0,
                    "49519573910_0.08853124862540018": 1,
                    "49141521416_0.0884961804795068": -177,
                    "49519590084_0.3058131165318816": 1,
                    "49150249927_0.6881795527970145": 100,
                    "49519636189_0.2521948025226537": 1,
                    "49232462793_0.7622411974016037": 1200,
                    "49520636693_0.8404154506260593": 1,
                    "49232464582_0.12430969584603324": 900,
                    "49520744730_0.6026838995761481": 1,
                    "49232999716_0.2133484967243402": 0,
                    "49520812848_0.5734967173507821": 1,
                    "49234813142_0.3142568229981375": 1,
                    "49520873912_0.5927053372462527": 1,
                    "49249262086_0.4763525036126073": false,
                    "49233147770_0.6353950190434796": 0,
                    "49234859651_0.6035613922030387": 0,
                    "49599648354_0.3738368266485066": false,
                    "49518248081_0.4367396293869368": false,
                    "49599660535_0.0823572381286597": "",
                    "49518318443_0.5988810162565685": false,
                    "49519399740_0.07229930251623617": false,
                    "49519436070_0.9418611019894294": false,
                    "49519475735_0.9428268094401824": false,
                    "49519529748_0.519982170810438": false,
                    "49520771123_0.27311479097864666": false,
                    "49611947752_0.41521729946538755": false
                },
                "66005170535_0.754988453301676"
            ],
            [
                11,
                3,
                2,
                "Kotori",
                3,
                -3,
                "<span style='color:#FfFffF'>xiaodai 学长！</span>",
                null,
                1,
                0,
                {
                    "___cmdID": "66005224628_0.30579456463095367"
                }
            ],
            [
                160002,
                {
                    "56045344290_0.5524605213062797": 1,
                    "56046754773_0.6205629949452272": false,
                    "56046754773_0.9409422358186235": 1,
                    "56046754773_0.8517812737966617": 1,
                    "56048274368_0.8817843244317083": 0,
                    "56049529022_0.3912301305367105": 30,
                    "56046758251_0.6903754418875865": 3,
                    "56046758251_0.6076379669529568": 3
                },
                "66021364081_0.5226342767190839"
            ],
            [
                11,
                3,
                null,
                "",
                3,
                -3,
                "<span style='color:#FfFffF'>（我气喘吁吁的追上正在收拾书包准备离开教室的 xiaodai）</span>",
                null,
                1,
                0,
                {
                    "___cmdID": "66005259954_0.3255788652702287"
                }
            ],
            [
                11,
                3,
                2,
                "Kotori",
                3,
                -3,
                "<span style='color:#FfFffF'>请，请教我做网络流！</span>",
                null,
                1,
                0,
                {
                    "___cmdID": "66005279755_0.3166540411283627"
                }
            ],
            [
                11,
                3,
                5,
                "xiaodai",
                3,
                -3,
                "<span style='color:#FfFffF'>唉？为什么突然要学这个。。。</span>",
                null,
                1,
                0,
                {
                    "___cmdID": "66005293904_0.2150821081747667"
                }
            ],
            [
                11,
                3,
                2,
                "Kotori",
                3,
                -3,
                "<span style='color:#FfFffF'>因为我听说，一切算法皆网络流！\n</span><span style='color:#FfFffF'>我也想理解其中的奥妙！</span>",
                null,
                1,
                0,
                {
                    "___cmdID": "66005356229_0.38422640979364164"
                }
            ],
            [
                11,
                3,
                5,
                "xiaodai",
                3,
                -3,
                "<span style='color:#FfFffF'>那种事情，只是 DIY 群里的段子吧。。。</span>",
                null,
                1,
                0,
                {
                    "___cmdID": "66005371781_0.8249828071503125"
                }
            ],
            [
                11,
                3,
                2,
                "Kotori",
                3,
                -3,
                "<span style='color:#FfFffF'>我知道... 可是，就算是我，也是想要变强的！</span>",
                null,
                1,
                0,
                {
                    "___cmdID": "66005389986_0.7152653340998507"
                }
            ],
            [
                11,
                3,
                5,
                "xiaodai",
                3,
                -3,
                "<span style='color:#FfFffF'>好吧，最短路学过了没？</span>",
                null,
                1,
                0,
                {
                    "___cmdID": "66005404196_0.7813809563304281"
                }
            ],
            [
                11,
                3,
                2,
                "Kotori",
                3,
                -3,
                "<span style='color:#FfFffF'>学过了。</span>",
                null,
                1,
                0,
                {
                    "___cmdID": "66005416366_0.6952860671922567"
                }
            ],
            [
                11,
                3,
                5,
                "xiaodai",
                3,
                -3,
                "<span style='color:#FfFffF'>流网络的定义看过了么？</span>",
                null,
                1,
                0,
                {
                    "___cmdID": "66005426897_0.9119411544667999"
                }
            ],
            [
                11,
                3,
                2,
                "Kotori",
                3,
                -3,
                "<span style='color:#FfFffF'>看过了。</span>",
                null,
                1,
                0,
                {
                    "___cmdID": "66005438080_0.24605339819893146"
                }
            ],
            [
                11,
                3,
                5,
                "xiaodai",
                3,
                -3,
                "<span style='color:#FfFffF'>那么先从最大流算法开始，最主流的算法就是增广路算法，\n</span><span style='color:#FfFffF'>也就是不断的寻找增广路，像是 Dinic、Sap 都属于这类。</span>",
                null,
                1,
                0,
                {
                    "___cmdID": "66005449591_0.6751662398182172"
                }
            ],
            [
                11,
                3,
                2,
                "Kotori",
                3,
                -3,
                "<span style='color:#FfFffF'>那么，请问，什么是增广路呢？</span>",
                null,
                1,
                0,
                {
                    "___cmdID": "66005498520_0.7592056946496699"
                }
            ],
            [
                11,
                3,
                5,
                "xiaodai",
                3,
                -3,
