{
    "sceneObjects": [],
    "customCommands": [
        [
            [
                11,
                3,
                0,
                "",
                3,
                -3,
                "<span style='color:#FfFffF'>..ZzZzzz..</span>",
                null,
                -1,
                0,
                {
                    "___cmdID": "65796266981_0.11284743260114904"
                }
            ],
            [
                40001,
                {
                    "24538808102_0.9970934946254328": 1,
                    "49612012650_0.7509974095572418": 1,
                    "24538808435_0.6230939565765392": "asset/image/picture/background/school/bg_017.png",
                    "49518385245_0.9308839798952664": 1,
                    "49141521249_0.2965750598394892": 0,
                    "49519573910_0.08853124862540018": 1,
                    "49141521416_0.0884961804795068": -177,
                    "49519590084_0.3058131165318816": 1,
                    "49150249927_0.6881795527970145": 100,
                    "49519636189_0.2521948025226537": 1,
                    "49232462793_0.7622411974016037": 1200,
                    "49520636693_0.8404154506260593": 1,
                    "49232464582_0.12430969584603324": 900,
                    "49520744730_0.6026838995761481": 1,
                    "49232999716_0.2133484967243402": 0,
                    "49520812848_0.5734967173507821": 1,
                    "49234813142_0.3142568229981375": 1,
                    "49520873912_0.5927053372462527": 1,
                    "49249262086_0.4763525036126073": false,
                    "49233147770_0.6353950190434796": 0,
                    "49234859651_0.6035613922030387": 0,
                    "49599648354_0.3738368266485066": false,
                    "49518248081_0.4367396293869368": false,
                    "49599660535_0.0823572381286597": "",
                    "49518318443_0.5988810162565685": false,
                    "49519399740_0.07229930251623617": false,
                    "49519436070_0.9418611019894294": false,
                    "49519475735_0.9428268094401824": false,
                    "49519529748_0.519982170810438": false,
                    "49520771123_0.27311479097864666": false,
                    "49611947752_0.41521729946538755": false
                },
                "65876604177_0.8084053458246954"
            ],
            [
                11,
                3,
                3,
                "OnePlus",
                3,
                -3,
                "<span style='color:#FfFffF'>动态规划嘛，我一向主张多多练习，\n</span><span style='color:#FfFffF'>讲义发下去大家自己看吧。</span>",
                null,
                1,
                0,
                {
                    "___cmdID": "66136849006_0.6288051523481333"
                }
            ],
            [
                11,
                3,
                2,
                "",
                3,
                -3,
                "<span style='color:#FfFffF'>什么嘛，结果还是要自学啊。。。</span>",
                null,
                5,
                0,
                {
                    "___cmdID": "65795895324_0.845271135660772"
                }
            ],
            [
                20,
                "Generate exam for section2",
                "// 当前的事件触发器：trigger: CommandTrigger;\ngenerateExam('section1', ['POJ-1141',]);",
                "generateExam('section1', ['POJ-1141',]);\n",
                {
                    "___cmdID": "66040359583_0.12621599670455974"
                }
            ],
            [
                8,
                "jump2",
                {
                    "___cmdID": "65795952703_0.1772584910275503"
                }
            ],
            [
                3,
                0,
                0,
                -1,
                {
                    "___cmdID": "65700935699_0.1992017069362002"
                }
            ],
            [
                4,
                "POJ 3250",
                0,
                -1,
                1,
                2001,
                [],
                {
                    "___cmdID": "65701056487_0.7281640090021608"
                }
            ],
            [
                0,
                0,
                2,
                [
                    0,
                    1,
                    2001,
                    0
                ],
                0,
                0,
                [
                    0,
                    1,
                    1,
                    0
                ],
                0,
                [
                    1,
                    1,
                    [
                        0,
                        0
                    ]
                ],
                0,
                0,
                [
                    1,
                    1
                ],
                "",
                "",
                true,
                null,
                null,
                null,
                null,
                null,
                null,
                0,
                0,
                [
                    0,
                    {},
                    ""
                ],
                [
                    0,
                    {},
                    ""
                ],
                {
                    "___cmdID": "66035492814_0.6582594324294873"
                }
            ],
            [
                20,
                "弹出广告",
                "// 当前的事件触发器：trigger: CommandTrigger;\nconst problemsMapName = WorldData.AllProblems.currentProblemsName;\nconst problemsMap = WorldData.AllProblems[problemsMapName];\n\nwindow.open(`https://vjudge.net/problem/${Object.keys(problemsMap)[0]}`, '_blank');",
                "var problemsMapName = WorldData.AllProblems.currentProblemsName;\nvar problemsMap = WorldData.AllProblems[problemsMapName];\nwindow.open(\"https://vjudge.net/problem/\" + Object.keys(problemsMap)[0], '_blank');\n",
                {
                    "___cmdID": "66035492814_0.7778414653432739"
                }
            ],
            [
                16,
                1,
                false,
                {
                    "___cmdID": "66040531690_0.04651817631782085"
                }
            ],
            [
                9,
                "jump2",
                {
                    "___cmdID": "66040672547_0.1640319541677262"
                }
            ],
            [
                1,
                {
                    "___cmdID": "66035492814_0.8604224109436507"
                }
            ],
            [
                11,
                1,
                null,
                "",
                3,
                -3,
                "<span style='color:#FfFffF'>你已经完成这个题目了哦！去试试其他的题目吧。</span>",
                null,
                1,
                0,
                {
                    "___cmdID": "66035492814_0.6103018849794497"
                }
            ],
            [
                9,
                "jump2",
                {
                    "___cmdID": "66040548351_0.8073905656984284"
                }
            ],
            [
                2,
                {
                    "___cmdID": "66035492814_0.7960968163296427"
                }
            ],
            [
                4,
                "打完收工",
                -1,
                -1,
                1,
                2020,
                [],
                {
                    "___cmdID": "65701056487_0.6926833898578824"
                }
            ],
            [
                10,
                {
                    "___cmdID": "65701056487_0.15026939526744276"
                }
            ]
        ]
    ],
    "customAttributes": [],
    "customAttributesCaches": [],
    "events": [],
    "statusPages": [],
    "statusPagesSelectedIndexs": [],