{
    "sceneObjects": [],
    "customCommands": [
        [
            [
                11,
                3,
                0,
                "",
                3,
                -3,
                "<span style='color:#FfFffF'>..ZzZzzz..</span>",
                null,
                -1,
                0,
                {
                    "___cmdID": "65796266981_0.11284743260114904"
                }
            ],
            [
                40001,
                {
                    "24538808102_0.9970934946254328": 1,
                    "49612012650_0.7509974095572418": 1,
                    "24538808435_0.6230939565765392": "asset/image/picture/background/school/bg_017.png",
                    "49518385245_0.9308839798952664": 1,
                    "49141521249_0.2965750598394892": 0,
                    "49519573910_0.08853124862540018": 1,
                    "49141521416_0.0884961804795068": -177,
                    "49519590084_0.3058131165318816": 1,
                    "49150249927_0.6881795527970145": 100,
                    "49519636189_0.2521948025226537": 1,
                    "49232462793_0.7622411974016037": 1200,
                    "49520636693_0.8404154506260593": 1,
                    "49232464582_0.12430969584603324": 900,
                    "49520744730_0.6026838995761481": 1,
                    "49232999716_0.2133484967243402": 0,
                    "49520812848_0.5734967173507821": 1,
                    "49234813142_0.3142568229981375": 1,
                    "49520873912_0.5927053372462527": 1,
                    "49249262086_0.4763525036126073": false,
                    "49233147770_0.6353950190434796": 0,
                    "49234859651_0.6035613922030387": 0,
                    "49599648354_0.3738368266485066": false,
                    "49518248081_0.4367396293869368": false,
                    "49599660535_0.0823572381286597": "",
                    "49518318443_0.5988810162565685": false,
                    "49519399740_0.07229930251623617": false,
                    "49519436070_0.9418611019894294": false,
                    "49519475735_0.9428268094401824": false,
                    "49519529748_0.519982170810438": false,
                    "49520771123_0.27311479097864666": false,
                    "49611947752_0.41521729946538755": false
                },
                "65876604177_0.8084053458246954"
            ],
            [
                11,
                9,
                null,
                "",
                0,
                -3,
                "<span style='color:#FfFffF'>暑期集训篇 Week-1 Day-3[p5]</span>",
                null,
                1,
                0,
                {
                    "___cmdID": "66372878550_0.6183674737047269"
                }
            ],
            [
                11,
                3,
                6,
                "sevenzero",
                3,
                -3,
                "<span style='color:#FfFffF'>今天和大家讲解状态空间搜索，\n</span><span style='color:#FfFffF'>也就是暴搜。</span>",
                null,
                1,
                0,
                {
                    "___cmdID": "66137262851_0.1701067883507108"
                }
            ],
            [
                11,
                3,
                6,
                "sevenzero",
                3,
                -3,
                "<span style='color:#FfFffF'>暴搜是 ACM 里最基本的解题方法，\n</span><span style='color:#FfFffF'>在人工智能和图论里也经常出线，\n</span><span style='color:#FfFffF'>当你在赛场上实在没有事情可干时，\n</span><span style='color:#FfFffF'>记得你还可以暴搜找找规律。</span>",
                null,
                1,
                0,
                {
                    "___cmdID": "66138060645_0.6966316284851637"
                }
            ],
            [
                11,
                3,
                6,
                "sevenzero",
                3,
                -3,
                "<span style='color:#FfFffF'>根据搜索顺序的不同主要可以分为\n</span><span style='color:#FfFffF'>深度优先搜索（DFS）和广度优先搜索（BFS）两种。</span>",
                null,
                1,
                0,
                {
                    "___cmdID": "66138116072_0.9493197646105143"
                }
            ],
            [
                11,
                3,
                6,
                "sevenzero",
                3,
                -3,
                "<span style='color:#FfFffF'>前者使用栈保存当前访问的状态，\n</span><span style='color:#FfFffF'>后者使用队列。</span>",
                null,
                1,
                0,
                {
                    "___cmdID": "66155102964_0.8493294651001622"
                }
            ],
            [
                11,
                3,
                6,
                "sevenzero",
                3,
                -3,
                "<span style='color:#FfFffF'>下面来看一个例子。</span>",
                null,
                1,
                0,
                {
                    "___cmdID": "66155113736_0.725240056313134"
                }
            ],
            [
                11,
                3,
                6,
                "sevenzero",
                3,
                -3,
                "<span style='color:#FfFffF'>生成排列问题。\n</span><span style='color:#FfFffF'>输入 n，按照字典序输出 n 的所有排列。</span>",
                null,
                1,
                0,
                {
                    "___cmdID": "66155161812_0.45380460753036944"
                }
            ],
            [
                11,
                7,
                6,
                "sevenzero",
                3,
                -3,
                "<span style='color:#FfFffF'>例如输入 3，输出：\n</span><span style='color:#FfFffF'>1 2 3\n</span><span style='color:#FfFffF'>1 3 2\n</span><span style='color:#FfFffF'>2 1 3\n</span><span style='color:#FfFffF'>2 3 1\n</span><span style='color:#FfFffF'>3 1 2\n</span><span style='color:#FfFffF'>3 2 1</span>",
                null,
                1,
                0,
                {
                    "___cmdID": "66137363894_0.770124237791459"
                }
            ],
            [
                11,
                3,
                6,
                "sevenzero",
                3,
                -3,
                "<span style='color:#FfFffF'>代码大概如下：</span>",
                null,
                1,
                0,
                {
                    "___cmdID": "66155328930_0.8924404982429568"
                }
            ],
            [
                40001,
                {
                    "24538808102_0.9970934946254328": 2,
                    "49612012650_0.7509974095572418": 1,
                    "24538808435_0.6230939565765392": "asset/image/picture/illustration/perm.png",
                    "49518385245_0.9308839798952664": 1,
                    "49141521249_0.2965750598394892": 318,
                    "49519573910_0.08853124862540018": 1,
                    "49141521416_0.0884961804795068": 9,
                    "49519590084_0.3058131165318816": 1,
                    "49150249927_0.6881795527970145": 100,
                    "49519636189_0.2521948025226537": 1,
                    "49232462793_0.7622411974016037": 876,
                    "49520636693_0.8404154506260593": 1,
                    "49232464582_0.12430969584603324": 657,
                    "49520744730_0.6026838995761481": 1,
                    "49232999716_0.2133484967243402": 0,
                    "49520812848_0.5734967173507821": 1,
                    "49234813142_0.3142568229981375": 1,
                    "49520873912_0.5927053372462527": 1,
                    "49249262086_0.4763525036126073": false,
                    "49233147770_0.6353950190434796": 0,
                    "49234859651_0.6035613922030387": 0,
                    "49599648354_0.3738368266485066": false,
                    "49518248081_0.4367396293869368": false,
                    "49599660535_0.0823572381286597": "",